N° officiel,Établissement,Ville,Filières de formation,Titres délivrés,Source,Année / édition,Note
1,INSTITUT SUPERIEUR DE GENIE ELECTRIQUE DU BURKINA FASO,OUAGADOUGOU,"BAC + 2 : Electricité Indu trielle
- Maintenance Indu trielle
- Ré eaux Informatique  et
- Télécommunication
Ingénierie : Sy tème  Electrique
- Ré eaux Informatique  et
- Télécommunication Maintenance de  Sy tème
- Indu triel Electricité Indu trielle et Energie
- Renouvelable Informatique Ré eaux et
-",,Repertoire_national_des_titres_et_diplomes_des_institutions_publiques_d_enseignement_superieur.pdf,Répertoire national (édition du PDF fourni),Extraction automatique depuis le PDF; les filières sont conservées au plus près du texte source. Vérification manuelle recommandée avant usage réglementaire.
2,UNIVERSITE SAINT THOMAS D’AQUIN,OUAGADOUGOU,"Licence : Science  Biomédicale
- Production  Animale
- Finance, Comptabilité et Audit
- Ge tion Commerciale et
- Marketing Droit Public et Droit Privé
- Ge tion de  Entrepri e  et de
- Organi ation Economie /Macroéconomie et
- Ge tion du Développement Economie Agricole et de
-",,Repertoire_national_des_titres_et_diplomes_des_institutions_publiques_d_enseignement_superieur.pdf,Répertoire national (édition du PDF fourni),Extraction automatique depuis le PDF; les filières sont conservées au plus près du texte source. Vérification manuelle recommandée avant usage réglementaire.
3,UNIVERSITE LIBRE DU BURKINA,OUAGADOUGOU,"- Droit Privé (droit de  Affaire  et
- Fi calité) Economie et Politique du
- Développement Economie et Politique Agricole
- Banque et Finance
- Comptabilité, Contrôle et Audit
- Admini tration de  Affaire
-
Doctorat : Médecine Humaine
-
Licence : Diplomatie et Relation
- Internationale Science  de l’Information et de la
- Communication Ge tion et Admini tration de
- Entrepri e Ge tion Financière et Bancaire
- Ge tion de  Re ource
- Humaine Communication pour le
- Développement Droit de  Affaire
-",,Repertoire_national_des_titres_et_diplomes_des_institutions_publiques_d_enseignement_superieur.pdf,Répertoire national (édition du PDF fourni),Extraction automatique depuis le PDF; les filières sont conservées au plus près du texte source. Vérification manuelle recommandée avant usage réglementaire.
4,INSTITUT AFRICAIN DE MANAGEMENT DE BOBO-DIOULASSO,BOBO-DIOULASSO,"- Entrepri e Ge tion Financière et Bancaire
- Ge tion de  Re ource
- Humaine Droit de  Affaire
- Droit de l’Urbani me et de la
- Con truction Droit du Foncier et de
- l’Immobilier Ge tion de  Projet
-
Licence : Marketing et Ge tion
- Commerciale Finance Comptabilité
- Tran port Logi tique
-",,Repertoire_national_des_titres_et_diplomes_des_institutions_publiques_d_enseignement_superieur.pdf,Répertoire national (édition du PDF fourni),Extraction automatique depuis le PDF; les filières sont conservées au plus près du texte source. Vérification manuelle recommandée avant usage réglementaire.
5,INSTITUT POLYTECHNIQUE AFRICAIN,OUAGADOUGOU,"BAC + 2 : Agriculture ;
- Finance Comptabilité ;
- Comptabilité- Contrôle Audit ;
- Marketing et Ge tion
- Commerciale ; Communication d’Entrepri e ;
-",,Repertoire_national_des_titres_et_diplomes_des_institutions_publiques_d_enseignement_superieur.pdf,Répertoire national (édition du PDF fourni),Extraction automatique depuis le PDF; les filières sont conservées au plus près du texte source. Vérification manuelle recommandée avant usage réglementaire.
6,INSTITUT SCIENCES CAMPUS,OUAGADOUGOU,"- Gestion des Projets ;
- Ge tion de  Re ource  Humaine
- Réseaux et Système Informatique
MASTER : Comptabilité – Contrôle Audit
- Finance Banque
- Ge tion Logi tique et
- Management de  Opération , Marketing et Vente
- Ge tion de  Projet
- Ré eaux et Sy tème
- Informatique
LICENCE : Science  et Technologie de
- l’Eau, de l’Energie et de l’Environnement ; Banque et Micro Finance ;
- Sy tème d’Information
- Géographique ; Ré eaux Informatique  et
- Télécommunication  ; Economie et Ge tion de
- Entrepri e  et de  Organi ation  ;",,Repertoire_national_des_titres_et_diplomes_des_institutions_publiques_d_enseignement_superieur.pdf,Répertoire national (édition du PDF fourni),Extraction automatique depuis le PDF; les filières sont conservées au plus près du texte source. Vérification manuelle recommandée avant usage réglementaire.
7,INSTITUT DES SCIENCES ET TECHNIQUE,OUAGADOUGOU,,,Repertoire_national_des_titres_et_diplomes_des_institutions_publiques_d_enseignement_superieur.pdf,Répertoire national (édition du PDF fourni),Extraction automatique depuis le PDF; les filières sont conservées au plus près du texte source. Vérification manuelle recommandée avant usage réglementaire.
8,ECOLE SUPERIEURE DES METIERS FERROVIAIRES,OUAGADOUGOU,"BAC + 2 :
- Exploitation
- Matériel Traction
- Voie et Bâtiment
BAC + 2: Finance et Comptabilité
-",,Repertoire_national_des_titres_et_diplomes_des_institutions_publiques_d_enseignement_superieur.pdf,Répertoire national (édition du PDF fourni),Extraction automatique depuis le PDF; les filières sont conservées au plus près du texte source. Vérification manuelle recommandée avant usage réglementaire.
9,INSTITUT SUPERIEUR DES FILIERES PROFESSIONNALISANTES,OUAGADOUGOU,"- Ge tion Commerciale
- Secrétariat de Direction
- Tran port et Logi tique
- Communication d’Entrepri e
- Agriculture
- Ge tion de  Re ource
- Humaine A urance Banque Finance
- Maintenance Indu trielle
- Electronique et Informatique
- Indu trielle Stati tique  et Informatique
-",,Repertoire_national_des_titres_et_diplomes_des_institutions_publiques_d_enseignement_superieur.pdf,Répertoire national (édition du PDF fourni),Extraction automatique depuis le PDF; les filières sont conservées au plus près du texte source. Vérification manuelle recommandée avant usage réglementaire.
10,UNIVERSITE AUBE NOUVELLE,OUAGADOUGOU,"- Marketing et Ge tion
- Commerciale Technologie de  Ré eaux et
- Sy tème Technologie du Génie
- Informatique
Licence : Marketing
- Ge tion de  Re ource
- Humaine Ge tion de  Projet
- Banque A urance
- Technique  Comptable  et
- Financière Communication de  Entrepri e
- et de  Organi ation Science  Juridique  et Politique
- (Droit Public et Privé) Economique (Management
- International et Analy e Economique) A i tanat de Direction Bilingue
- Communication pour le
-",,Repertoire_national_des_titres_et_diplomes_des_institutions_publiques_d_enseignement_superieur.pdf,Répertoire national (édition du PDF fourni),Extraction automatique depuis le PDF; les filières sont conservées au plus près du texte source. Vérification manuelle recommandée avant usage réglementaire.
11,UNIVERSITE AUBE NOUVELLE ex INSTITUT SUPERIEUR D’INFORMATIQUE ET DE GESTION BOBO-DIOULASSO,BOBO-DIOULASSO,"- économie de Développement Technologie du Génie
- Informatique Technologie de  Ré eaux et
- Sy tème  Informatique
BAC + 2 : Finance Comptabilité
- Secrétariat
- Marketing et Ge tion
- Commerciale Analy te Programmeur
-
LICENCE : Technologie de  Ré eaux et
- Sy tème Technologie du Génie
- Informatique Science  Juridique  et Politique
- (Droit Public et Privé) Science  de Ge tion/GRH
- Science  de Ge tion/Ge tion de
- Projet Science  de Ge tion/Marketing
- Science  Economique
- (Management International et Analy e Economique)",,Repertoire_national_des_titres_et_diplomes_des_institutions_publiques_d_enseignement_superieur.pdf,Répertoire national (édition du PDF fourni),Extraction automatique depuis le PDF; les filières sont conservées au plus près du texte source. Vérification manuelle recommandée avant usage réglementaire.
12,UNIVERSITE CATHOLIQUE DE L’AFRIQUE DE L’OUEST/UNITE UNIVERSITAIRE DE BOBO,BOBO-DIOULASSO,"- Finance Banque
- Ge tion de  Projet
- Communication de  Entrepri e
- Management de l’Environnement
- et du Développement Durable Marketing
- Technique  Comptable  et
- Financière
LICENCE : Management et Marketing;
- Biologie Appliquée (Indu trie
- Alimentaire , Analy e Biologique ); Génie Civil (Bâtiment  et
- Travaux Public ) ; Economie (Ge tion de
- Entrepri e  et de  Organi ation , macroéconomie et Ge tion du Développement) ; Finance Comptabilité;
- Droit ;
- Sociologie (Sociologie
-",,Repertoire_national_des_titres_et_diplomes_des_institutions_publiques_d_enseignement_superieur.pdf,Répertoire national (édition du PDF fourni),Extraction automatique depuis le PDF; les filières sont conservées au plus près du texte source. Vérification manuelle recommandée avant usage réglementaire.
13,INSTITUT SUPERIEUR DE DEVELOPPEMENT DES ENTREPRISES DES HAUT-BASSINS,OUAGADOUGOU,"- Economie (Ge tion de
- Entrepri e  et de  Organi ation , Macroéconomie et Ge tion du Développement) ; Droit (Droit de  Affaire  et
- Fi calité, Droit Public Economique) ; Biologie Appliquée
- (Bactériologie-Virologie, Indu trie  Agroalimentaire ), Sociologie (Développement
- Communautaire et Sociale, Politique de Développement) Management et Marketing
-
BAC + 2 : Maintenance Indu trielle
- Agro-Alimentaire
-",,Repertoire_national_des_titres_et_diplomes_des_institutions_publiques_d_enseignement_superieur.pdf,Répertoire national (édition du PDF fourni),Extraction automatique depuis le PDF; les filières sont conservées au plus près du texte source. Vérification manuelle recommandée avant usage réglementaire.
14,UNIVERSITE POLYTECHNIQUE DE BOBO/INSTITUT SUPERIEUR DES SCIENCES DE LA SANTE,BOBO-DIOULASSO,"MASTER :
Master en Parasitologie
-
DOCTORAT : Médecine D
- Pharmacie
-",,Repertoire_national_des_titres_et_diplomes_des_institutions_publiques_d_enseignement_superieur.pdf,Répertoire national (édition du PDF fourni),Extraction automatique depuis le PDF; les filières sont conservées au plus près du texte source. Vérification manuelle recommandée avant usage réglementaire.
15,INSTITUT SUPERIEUR DE MANAGEMENT ET DES TECHNIQUES APPLIQUEES,DANO,"-
BAC + 2: Communication d’entrepri e
- Finance comptabilité ;
- Ge tion de  Re ource
- Humaine Management et Ge tion de
- Projet Tran port Logi tique
- Production Agricole
-
LICENCE :
- Communication d’Entreprise
-Finance Comptabilité ;
- Ge tion de  Re ource  Humaine
- Management et Ge tion de  Projet
MASTER :
- Ge tion de  Re ource  Humaine
- Communication d’entreprise
- Management et Ge tion de  Projet",,Repertoire_national_des_titres_et_diplomes_des_institutions_publiques_d_enseignement_superieur.pdf,Répertoire national (édition du PDF fourni),Extraction automatique depuis le PDF; les filières sont conservées au plus près du texte source. Vérification manuelle recommandée avant usage réglementaire.
16,INSTITUT SUPERIEUR PRIVE POLYTECHNIQUE SAINT AUGUSTIN,OUAGADOUGOU,"- Comptabilité Contrôle Audit
-
MASTER : Ge tion de  Projet
- M Ge tion de  Re ource
- P Humaine E",,Repertoire_national_des_titres_et_diplomes_des_institutions_publiques_d_enseignement_superieur.pdf,Répertoire national (édition du PDF fourni),Extraction automatique depuis le PDF; les filières sont conservées au plus près du texte source. Vérification manuelle recommandée avant usage réglementaire.
17,ECOLE SUPERIEURE POLYTECHNIQUE DE KAYA,KAYA,"BAC + 2 : Génie civil;
- Génie Electrique et Informatique
- Indu trielle Génie Hydraulique Rural
- Finance Comptabilité
- Marketing et Ge tion
- Commerciale
LICENCE PROFESSIONNELLE : Génie Civil
- L Génie Electrique et Informatique
- Indu trielle",,Repertoire_national_des_titres_et_diplomes_des_institutions_publiques_d_enseignement_superieur.pdf,Répertoire national (édition du PDF fourni),Extraction automatique depuis le PDF; les filières sont conservées au plus près du texte source. Vérification manuelle recommandée avant usage réglementaire.
18,ECOLE PRIVEE D’ENSEIGNEMENT SUPERIEUR KOLOG-KOOM,KAYA,"- Finance Comptabilité
- Marketing et Ge tion
- Commerciale
LICENCE : Management de Projet et
- Programme de Développement L",,Repertoire_national_des_titres_et_diplomes_des_institutions_publiques_d_enseignement_superieur.pdf,Répertoire national (édition du PDF fourni),Extraction automatique depuis le PDF; les filières sont conservées au plus près du texte source. Vérification manuelle recommandée avant usage réglementaire.
19,INSTITUT SUPERIEUR DE MANAGEMENT DE KOUDOUGOU,KOUDOUGOU,"- Marketing et Ge tion
- commerciale ; Communication de  Entrepri e
- et de  Organi ation Management et Ge tion de
- Collectivité  Territoriale
LICENCE : Finance  comptabilité
- Marketing et Ge tion
- Commerciale, Communication de  Entrepri e
- et de  Organi ation Management et Ge tion de
- Collectivité  Territoriale
MASTER : Management et Ge tion de
- Projet , Communication de  Entrepri e
- et de  Organi ation Management et Ge tion de
- Collectivité  Territoriale Management et Ge tion de
-",,Repertoire_national_des_titres_et_diplomes_des_institutions_publiques_d_enseignement_superieur.pdf,Répertoire national (édition du PDF fourni),Extraction automatique depuis le PDF; les filières sont conservées au plus près du texte source. Vérification manuelle recommandée avant usage réglementaire.
20,INSTITUT SUPERIEUR MONSEIGNEUR DIEUDONNE YOUGBARE DE KOUPELA,KOUPELA,"- Biologie (SVT)
-
MASTER : Lettre  Moderne
- Géographique
- Hi toire et Archéologie
- P ychologie
-
DOCTORAT : Lettre  Moderne
- P ychologie
-
BAC + 2 : Finance Comptabilité ;
- Communication d’Entrepri e ;
- Ge tion de  Re ource
- Humaine",,Repertoire_national_des_titres_et_diplomes_des_institutions_publiques_d_enseignement_superieur.pdf,Répertoire national (édition du PDF fourni),Extraction automatique depuis le PDF; les filières sont conservées au plus près du texte source. Vérification manuelle recommandée avant usage réglementaire.
21,INSTITUT DES SCIENCES ET DE L’INGENIERIE DE FADA,KOUPELA,"LICENCE : Ge tion de  Projet
- Science  de l’Education
-
LICENCE PROFESSIONNELLE : L
- Comptabilité, Contrôle, Audit (CCA)
MASTER :
- Comptabilité, Contrôle, Audit (CCA)",,Repertoire_national_des_titres_et_diplomes_des_institutions_publiques_d_enseignement_superieur.pdf,Répertoire national (édition du PDF fourni),Extraction automatique depuis le PDF; les filières sont conservées au plus près du texte source. Vérification manuelle recommandée avant usage réglementaire.
22,INSTITUT AFRICAIN DE PERFECTIONNEMENT ET DE MANAGEMENT DE BOBO,BOBO-DIOULASSO,"- Communication d'Entrepri e ;
- Marketing Management.
-
LICENCE PROFESSIONNELLE :
- Management de  re ource  humaine  ;
- Science  et Technique  Comptable  et Financière  ;
- Management de  Projet  et Développement Local ;
- Marketing et Management ;
- Communication d’Entrepri e.
MASTER :
- Audit contrôle de Ge tion Orientée et Financière ;
- Stratégie et Intelligence Marketing ;
- Management de  Projet  et Programme  Orienté
des Résultats ;
- Ge tion de  Re ource  Humaine  ;",,Repertoire_national_des_titres_et_diplomes_des_institutions_publiques_d_enseignement_superieur.pdf,Répertoire national (édition du PDF fourni),Extraction automatique depuis le PDF; les filières sont conservées au plus près du texte source. Vérification manuelle recommandée avant usage réglementaire.
23,INSTITUT AL FOURQUAN,OUAGADOUGOU,BAC + 2 : Néant,,Repertoire_national_des_titres_et_diplomes_des_institutions_publiques_d_enseignement_superieur.pdf,Répertoire national (édition du PDF fourni),Extraction automatique depuis le PDF; les filières sont conservées au plus près du texte source. Vérification manuelle recommandée avant usage réglementaire.
24,"INSTITUT PANAFRICAIN D’ETUDE ET DE RECHERCHE SUR LES MEDIAS, L’INFORMATION ET LA COMMUNICATION",OUAGADOUGOU,"- Communication de
- organi ation Communication pour le
- développement Recherche en Science  de
- l’Information et de la Communication
DOCTORAT :
Doctorat en Sciences de
-",,Repertoire_national_des_titres_et_diplomes_des_institutions_publiques_d_enseignement_superieur.pdf,Répertoire national (édition du PDF fourni),Extraction automatique depuis le PDF; les filières sont conservées au plus près du texte source. Vérification manuelle recommandée avant usage réglementaire.
25,INSTITUT BURKINABE DES ARTS ET DES METIERS,OUAGADOUGOU,"BAC + 2 : Finance comptabilité
- Génie Energétique /Technologie
- Solaire  Appliquée Ge tion Commerciale
- Ge tion et Admini tration de
- Entrepri e",,Repertoire_national_des_titres_et_diplomes_des_institutions_publiques_d_enseignement_superieur.pdf,Répertoire national (édition du PDF fourni),Extraction automatique depuis le PDF; les filières sont conservées au plus près du texte source. Vérification manuelle recommandée avant usage réglementaire.
26,INSTITUT DES SCIENCES DE L’ENTREPRISE ET DU MANAGEMENT,OUAGADOUGOU,"-
Licence : Comptabilité Contrôle Audit L
- Science  de Ge tion Marketing
-
Maîtri e : Science  de ge tion
- Science  et Technique
- Comptable  et Financière",,Repertoire_national_des_titres_et_diplomes_des_institutions_publiques_d_enseignement_superieur.pdf,Répertoire national (édition du PDF fourni),Extraction automatique depuis le PDF; les filières sont conservées au plus près du texte source. Vérification manuelle recommandée avant usage réglementaire.
27,INSTITUT DES SCIENCES VEENEM-WATA DE KOUDOUGOU,KOUDOUGOU,"Ma ter : Comptabilité Contrôle Audit
- Audit et Contrôle de Ge tion
-
Licence : Science  de l’éducation
-
Ma ter : Science  de l’éducation
-",,Repertoire_national_des_titres_et_diplomes_des_institutions_publiques_d_enseignement_superieur.pdf,Répertoire national (édition du PDF fourni),Extraction automatique depuis le PDF; les filières sont conservées au plus près du texte source. Vérification manuelle recommandée avant usage réglementaire.
28,ECOLE SUPERIEURE POLYTECHNIQUE EXCELLE,OUAGADOUGOU,"Licence : Electronique
- Maintenance Indu trielle
- Marketing et Ge tion
- Commerciale Electronique et Informatique
- Indu trielle Bâtiment et Travaux Public
-",,Repertoire_national_des_titres_et_diplomes_des_institutions_publiques_d_enseignement_superieur.pdf,Répertoire national (édition du PDF fourni),Extraction automatique depuis le PDF; les filières sont conservées au plus près du texte source. Vérification manuelle recommandée avant usage réglementaire.
29,UNIVERSITE EVANGELIQUE DU KADIOGO,OUAGADOUGOU,- Macroéconomie et Ge tion du Développement,,Repertoire_national_des_titres_et_diplomes_des_institutions_publiques_d_enseignement_superieur.pdf,Répertoire national (édition du PDF fourni),Extraction automatique depuis le PDF; les filières sont conservées au plus près du texte source. Vérification manuelle recommandée avant usage réglementaire.
30,UNIVERSITE CHRETIENNE LOGOS DE OUAGADOUGOU,OUAGADOUGOU,"Licence pro : Banque-A urance
- Théologie Pa torale
-
Ma ter en théologie : Théologie Pa torale
-",,Repertoire_national_des_titres_et_diplomes_des_institutions_publiques_d_enseignement_superieur.pdf,Répertoire national (édition du PDF fourni),Extraction automatique depuis le PDF; les filières sont conservées au plus près du texte source. Vérification manuelle recommandée avant usage réglementaire.
31,ECOLE D’ARCHITECTURE ET DE GENIE CIVIL DE OUAGADOUGOU,OUAGADOUGOU,"Bac + 2 : Génie Civil
-
Licence PRO: Génie civil
- L Architecture
-",,Repertoire_national_des_titres_et_diplomes_des_institutions_publiques_d_enseignement_superieur.pdf,Répertoire national (édition du PDF fourni),Extraction automatique depuis le PDF; les filières sont conservées au plus près du texte source. Vérification manuelle recommandée avant usage réglementaire.
32,INSTITUT DE FORMATION ET DE RECHERCHE INTERDISCIPLINAIRES EN SCIENCES DE LA SANTE ET DE L’EDUCATION,OUAGADOUGOU,"Licence : Science  infirmière
- Science  maïeutique  et  anté de
- la reproduction
Ma ter : Science  infirmière
- Science  maïeutique
- Santé communautaire et
- épidémiologie",,Repertoire_national_des_titres_et_diplomes_des_institutions_publiques_d_enseignement_superieur.pdf,Répertoire national (édition du PDF fourni),Extraction automatique depuis le PDF; les filières sont conservées au plus près du texte source. Vérification manuelle recommandée avant usage réglementaire.
33,INSTITUT SUPERIEUR POLYTECHNIQUE ET DE MANAGEMENT,OUAGADOUGOU,"- Marketing
- Communication
- Banque a urance
- Ge tion de  re ource  humaine
- Ge tion de  projet
-
Licence : Génie civil
- Electricité
-",,Repertoire_national_des_titres_et_diplomes_des_institutions_publiques_d_enseignement_superieur.pdf,Répertoire national (édition du PDF fourni),Extraction automatique depuis le PDF; les filières sont conservées au plus près du texte source. Vérification manuelle recommandée avant usage réglementaire.
34,INSTITUT DES TECHNOLOGIES MODERNES DU DEVELOPPEMENT ET DE GESTION,OUAGADOUGOU,"- télécommunication
Licence : Electronique et Maintenance
- Informatique Maintenance Indu trielle
- Ge tion de  Projet
- Economie et Stati tique Appliqué
- Tran port logi tique
-",,Repertoire_national_des_titres_et_diplomes_des_institutions_publiques_d_enseignement_superieur.pdf,Répertoire national (édition du PDF fourni),Extraction automatique depuis le PDF; les filières sont conservées au plus près du texte source. Vérification manuelle recommandée avant usage réglementaire.
35,ECOLE SUPERIEURE DE COMMERCE,OUAGADOUGOU,"Licence : Finance Comptabilité
- Communication d’entrepri e
- Marketing et Ge tion
- Commerciale Commerce International
- Ge tion de  Re ource
- Humaine Management de  Projet
-",,Repertoire_national_des_titres_et_diplomes_des_institutions_publiques_d_enseignement_superieur.pdf,Répertoire national (édition du PDF fourni),Extraction automatique depuis le PDF; les filières sont conservées au plus près du texte source. Vérification manuelle recommandée avant usage réglementaire.
36,UNIVERSITE DE TECHNOLOGIES ET DE MANAGEMENT,OUAGADOUGOU,"- Comptable  et Financière Ge tion de  Projet
- Ge tion de  Re ource
- Humaine Banque A urance
- Management de  Projet
- Commerce International
-
Bac + 2 : Maintenance Indu trielle
- Electronique et Informatique
- Indu trielle Electrotechnique
- Bâtiment et Travaux Public
- Maintenance Indu trielle
-
Licence : Tran port Logi tique
- Economie et Stati tique
-",,Repertoire_national_des_titres_et_diplomes_des_institutions_publiques_d_enseignement_superieur.pdf,Répertoire national (édition du PDF fourni),Extraction automatique depuis le PDF; les filières sont conservées au plus près du texte source. Vérification manuelle recommandée avant usage réglementaire.
37,SUP’MANAGEMENT BURKINA,OUAGADOUGOU,"-
Licence profe ionnelle : Finance management
- Marketing Communication
- Mangement International
- L
Ingénierie des Systèmes et
- Ré eaux Tran port et Logi tique
-",,Repertoire_national_des_titres_et_diplomes_des_institutions_publiques_d_enseignement_superieur.pdf,Répertoire national (édition du PDF fourni),Extraction automatique depuis le PDF; les filières sont conservées au plus près du texte source. Vérification manuelle recommandée avant usage réglementaire.
38,INSTITUT SUPERIEUR DE TECHNOLOGIES APPLIQUEES ET DE MANAGEMENT,OUAGADOUGOU,"Ingénierie Financière
-
Ingénierie Commerciale
- Management de  Re ource
- Humaine Mangement Environnemental
- Mangement de la
- Communication de  Entrepri e et In titution
Ingénierie en Management des
- Opération  et de la Logi tique
Ingénierie Réseaux Sécurité et
- Télécom Ge tion de  Projet
-
Ingénierie Financière Contrôle de
- Ge tion Audit
Ingénierie Commerciale
- Marketing Di tribution
Ingénierie de Réseaux
- Informatique  et Sy tème  ’Information Banque et Microfinance
- Management Global Approfondi
-
Bac + 2 : Finance Comptabilité
- Marketing Ge tion Commerciale
- Banque A urance
- Banque Micro-finance
-",,Repertoire_national_des_titres_et_diplomes_des_institutions_publiques_d_enseignement_superieur.pdf,Répertoire national (édition du PDF fourni),Extraction automatique depuis le PDF; les filières sont conservées au plus près du texte source. Vérification manuelle recommandée avant usage réglementaire.
39,INSTITUT AFRICAIN DES INDUSTRIES CULTURELLES,OUAGADOUGOU,"- Banque A urance
- Banque Micro-finance
- Communication d’entrepri e
- Exploitation Géologique
- Ge tion de  Re ource
- Humaine
Ma ter : Finance Comptabilité
- Marketing Ge tion Commerciale
- Banque A urance
- Banque Micro-finance
- Communication d’entrepri e
- Exploitation Géologique
- Ge tion de  Re ource
- Humaine
Bac + 2 : Prévention de  Cri e  et Ge tion
- de la Paix Sociale Communication de  In titution
- et de  collectivité Management de l’Evènement et
- Relation Publiq. Management de  Produit  et
- Service  Hôtelier",,Repertoire_national_des_titres_et_diplomes_des_institutions_publiques_d_enseignement_superieur.pdf,Répertoire national (édition du PDF fourni),Extraction automatique depuis le PDF; les filières sont conservées au plus près du texte source. Vérification manuelle recommandée avant usage réglementaire.
40,INSTITUT SUPERIEUR DE TECHNOLOGIES,OUAGADOUGOU,"- de la Paix Sociale Communication de  In titution
- et de  collectivité Management de l’Evènement et
- Relation  Publique Management de  Produit  et
- Service  Hôtelier
Ma ter : Prévention de  Cri e  et Ge tion
- de la Paix Sociale Communication Politique
- Ge tion Stratégique de
- Indu trie  Culturelle
BAC +2 : Finance Comptabilité
- Secrétariat de Direction
- Bureautique Marketing et Ge tion
- Commercial Ré eaux Informatique  et
- Télécom Génie Biomédical
- Agroalimentaire
- Génie Electrique
- Génie Civil
-",,Repertoire_national_des_titres_et_diplomes_des_institutions_publiques_d_enseignement_superieur.pdf,Répertoire national (édition du PDF fourni),Extraction automatique depuis le PDF; les filières sont conservées au plus près du texte source. Vérification manuelle recommandée avant usage réglementaire.
41,SCHOOL OF MANAGEMENT,OUAGADOUGOU,"- Finance Comptabilité
- Banque
- Tran port et Logi tique
- Génie Civil
- Génie Minier
- Génie Electrique et Informatique
- Indu trielle Ré eaux informatique  et
- Télécommunication Electromécanique
- Electrotechnique
- Marketing et Management
-
Licence : Marketing et Management
- Communication d’Entrepri e
- Finance Comptabilité
- Banque
- Tran port et Logi tique
- Génie Civil
- Génie Minier
- Génie Electrique et Informatique
- Indu trielle Ré eaux et Télécommunication
- Electromécanique
- Ge tion de  Projet
- Electrotechnique
-",,Repertoire_national_des_titres_et_diplomes_des_institutions_publiques_d_enseignement_superieur.pdf,Répertoire national (édition du PDF fourni),Extraction automatique depuis le PDF; les filières sont conservées au plus près du texte source. Vérification manuelle recommandée avant usage réglementaire.
42,INSTITUT ANSELME TITIANMA SANON,OUAGADOUGOU,"-
Ingénierie des Travaux de
- l’Humanitaire
Ma ter : Ge tion de  Re ource  et de
- Opération Qualité de  Programme
- Humanitaire et de Développement",,Repertoire_national_des_titres_et_diplomes_des_institutions_publiques_d_enseignement_superieur.pdf,Répertoire national (édition du PDF fourni),Extraction automatique depuis le PDF; les filières sont conservées au plus près du texte source. Vérification manuelle recommandée avant usage réglementaire.
43,INSTITUT SUPERIEUR DE MANAGEMENT ET D’ENTREPRENEURIAT,OUAGADOUGOU,"BAC + 2 : Finance Comptabilité
- Secrétariat
- Marketing et Ge tion
- Commerciale Tran port Logi tique
-
Licence : Finance Comptabilité
- Marketing et Ge tion
- Commerciale",,Repertoire_national_des_titres_et_diplomes_des_institutions_publiques_d_enseignement_superieur.pdf,Répertoire national (édition du PDF fourni),Extraction automatique depuis le PDF; les filières sont conservées au plus près du texte source. Vérification manuelle recommandée avant usage réglementaire.
44,"UNIVERSITE DU FASO – INSTITUT SUPERIEUR DES LETTRES, LANGUES, SCIENCES HUMAINES ET SOCIALES",ZINIARE,"-
Licence : Lettre  Moderne
-
Ma ter : Science  de l’Education
-",,Repertoire_national_des_titres_et_diplomes_des_institutions_publiques_d_enseignement_superieur.pdf,Répertoire national (édition du PDF fourni),Extraction automatique depuis le PDF; les filières sont conservées au plus près du texte source. Vérification manuelle recommandée avant usage réglementaire.
45,INSTITUT DE GESTION DES RISQUES INDUSTRIELS ET DU DEVELOPPEMENT DURABLE,OUAGADOUGOU,"- Ge tion de  A pect
- Environnementaux Santé Sécurité et Situation
- d’Urgence
Licence : Exploration géologique
- Ge tion de  A pect
- Environnementaux",,Repertoire_national_des_titres_et_diplomes_des_institutions_publiques_d_enseignement_superieur.pdf,Répertoire national (édition du PDF fourni),Extraction automatique depuis le PDF; les filières sont conservées au plus près du texte source. Vérification manuelle recommandée avant usage réglementaire.
46,INSTITUT PANAFRICAIN DE METIERS D’AVENIR EX ISTG,OUAGADOUGOU,"BAC + 2 : Tran port Logi tique
- Finance Comptabilité
- Secrétariat de Direction
- Ge tion Commerciale
-
Licence : Tran port Logi tique
- Finance Comptabilité
-",,Repertoire_national_des_titres_et_diplomes_des_institutions_publiques_d_enseignement_superieur.pdf,Répertoire national (édition du PDF fourni),Extraction automatique depuis le PDF; les filières sont conservées au plus près du texte source. Vérification manuelle recommandée avant usage réglementaire.
47,INSTITUT SUPERIEUR DE DROIT INTERNATIONAL ET DES DROITS DE L’HOMME,OUAGADOUGOU,"-
Ma ter : Droit : droit international et de
- droit  de l’homme",,Repertoire_national_des_titres_et_diplomes_des_institutions_publiques_d_enseignement_superieur.pdf,Répertoire national (édition du PDF fourni),Extraction automatique depuis le PDF; les filières sont conservées au plus près du texte source. Vérification manuelle recommandée avant usage réglementaire.
48,INSTITUT SUPERIEUR DE LA COMMUNICATION ET DU MULTIMEDIA,OUAGADOUGOU,"Licence : Journali me numérique
- Communication numérique
- Création Publicitaire numérique
-",,Repertoire_national_des_titres_et_diplomes_des_institutions_publiques_d_enseignement_superieur.pdf,Répertoire national (édition du PDF fourni),Extraction automatique depuis le PDF; les filières sont conservées au plus près du texte source. Vérification manuelle recommandée avant usage réglementaire.
49,BURKINA INSTITUTE OF TECHNOLOGY,GAOUA,,,Repertoire_national_des_titres_et_diplomes_des_institutions_publiques_d_enseignement_superieur.pdf,Répertoire national (édition du PDF fourni),Extraction automatique depuis le PDF; les filières sont conservées au plus près du texte source. Vérification manuelle recommandée avant usage réglementaire.
50,INSTITUT SUPERIEUR DES ETUDES D’INGENIEURS ET DE TECHNOLOGIES,GAOUA,"BAC + 2 : Finance Comptabilité
- Génie Civil
-
Licence : Ge tion de  Projet
- Génie Civil
-
BAC + 2 : Tran port et Logi tique
- Communication d’Entrepri e
-",,Repertoire_national_des_titres_et_diplomes_des_institutions_publiques_d_enseignement_superieur.pdf,Répertoire national (édition du PDF fourni),Extraction automatique depuis le PDF; les filières sont conservées au plus près du texte source. Vérification manuelle recommandée avant usage réglementaire.
51,HAUTES ETUDES TECHNOLOGIQUES ET COMMERCIALES,OUAGADOUGOU,"- Financière Ge tion Commerciale
-
Licence profe ionnelle : Tran port et Logi tique
- Marketing Vente
- L Communication d’Entrepri e et
- Publicité Technique  Comptable  et
- Financière Sy tème Ré eaux et
- Télécommunication Ge tion de  Entrepri e  et
- Organi ation
DES : Marketing Management
- Communication
-",,Repertoire_national_des_titres_et_diplomes_des_institutions_publiques_d_enseignement_superieur.pdf,Répertoire national (édition du PDF fourni),Extraction automatique depuis le PDF; les filières sont conservées au plus près du texte source. Vérification manuelle recommandée avant usage réglementaire.
52,INSTITUT AFRICAIN DE SANTE PUBLIQUE,OUAGADOUGOU,"-
Ma ter : Epidémiologie et Bio tati tique
- Planification et Management de
- Service  et de  Programme  de Santé Nutrition et Santé Publique
- Economie de la Santé
- Santé Publique
-
Licence Professionnelle :",,Repertoire_national_des_titres_et_diplomes_des_institutions_publiques_d_enseignement_superieur.pdf,Répertoire national (édition du PDF fourni),Extraction automatique depuis le PDF; les filières sont conservées au plus près du texte source. Vérification manuelle recommandée avant usage réglementaire.
53,"ECOLE SUPERIEURE DES SCIENCES SOCIALES, HUMAINES ET DE MANAGEMENT",OUAGADOUGOU,"- L
Ingénierie de la formation
- Planificateur et Ge tionnaire de
- Sy tème  Educatif
Ma ter Profe ionnelle : Science  de l’Education
-
Ingénierie de la formation
- Planificateur et Ge tionnaire de
- Sy tème  Educatif
Ma ter de Recherche : Science  de l’Education
-
Ingénierie de la formation
- Planificateur et Ge tionnaire de
- Sy tème  Educatif",,Repertoire_national_des_titres_et_diplomes_des_institutions_publiques_d_enseignement_superieur.pdf,Répertoire national (édition du PDF fourni),Extraction automatique depuis le PDF; les filières sont conservées au plus près du texte source. Vérification manuelle recommandée avant usage réglementaire.
54,INSTITUT DES SCIENCES TECHNIQUES ET DE MANAGEMENT,OUAGADOUGOU,"-
Licence : Management de Projet
- L Finance Comptabilité
- Marketing et Ge tion
- Tran port et Logi tique
- Ge tion de  Re ource
- Humaine
Ma ter : Management de Projet
- Comptabilité Contrôle et Audit
- Marketing et Stratégique
-",,Repertoire_national_des_titres_et_diplomes_des_institutions_publiques_d_enseignement_superieur.pdf,Répertoire national (édition du PDF fourni),Extraction automatique depuis le PDF; les filières sont conservées au plus près du texte source. Vérification manuelle recommandée avant usage réglementaire.
55,ECOLE SUPERIEURE DES TECHNIQUES AVANCEES,OUAGADOUGOU,"- du Cycle de  Marché Ge tion de  Re ource
- Humaine
BAC + 2 : Génie Electronique et
- Informatique Indu triel Ré eaux Informatique  et
- Télécommunication Finance Comptabilité
- Génie Civil
- Sy tème d’Information et Ré eau
- Tran port et Logi tique
-",,Repertoire_national_des_titres_et_diplomes_des_institutions_publiques_d_enseignement_superieur.pdf,Répertoire national (édition du PDF fourni),Extraction automatique depuis le PDF; les filières sont conservées au plus près du texte source. Vérification manuelle recommandée avant usage réglementaire.
56,INSTITUT SUPERIEUR PRIVE DES SCIENCES,OUAGADOUGOU,"- Commerciale Electro-Biomédical
- Sy tème d’Information et Ré eau
- Electromécanique
-
Ma ter : Electronique et Automati me
- Indu triel Ré eaux Informatique  et
- Télécommunication Comptabilité Contrôle et Audit
- Génie Biomédical
- Sécurité de  Sy tème
- d’Information Ingénieur : Electromécanique
-
BAC + 2 : Génie Minier
- Génie Civil
- Finance Comptabilité
-",,Repertoire_national_des_titres_et_diplomes_des_institutions_publiques_d_enseignement_superieur.pdf,Répertoire national (édition du PDF fourni),Extraction automatique depuis le PDF; les filières sont conservées au plus près du texte source. Vérification manuelle recommandée avant usage réglementaire.
57,INSTITUT POLYTECHNIQUE PRIVE SHALOM,OUAGADOUGOU,"-
Licence Profe ionnelle : Agroéconomie
- L Science  juridique  et Politique
- Communication journali me
-",,Repertoire_national_des_titres_et_diplomes_des_institutions_publiques_d_enseignement_superieur.pdf,Répertoire national (édition du PDF fourni),Extraction automatique depuis le PDF; les filières sont conservées au plus près du texte source. Vérification manuelle recommandée avant usage réglementaire.
58,INSTITUT SUPERIEUR AFRIQUE TALENTS,OUAGADOUGOU,"- Tran it Tran port logi tique
- Banque Micro finance
- Communication d’Entrepri e
- Secrétariat et Bureautique
-",,Repertoire_national_des_titres_et_diplomes_des_institutions_publiques_d_enseignement_superieur.pdf,Répertoire national (édition du PDF fourni),Extraction automatique depuis le PDF; les filières sont conservées au plus près du texte source. Vérification manuelle recommandée avant usage réglementaire.
59,ECOLE SUPERIEURE DE TOURISME ET D’HOTELLERIE,OUAGADOUGOU,"BAC + 2 : Touri me et Hôtellerie
- Tran port et Logi tique
-
Licence : Touri me et Hôtellerie
-
BAC + 2 : Finance  Comptabilité
- Marketing et Ge tion
-",,Repertoire_national_des_titres_et_diplomes_des_institutions_publiques_d_enseignement_superieur.pdf,Répertoire national (édition du PDF fourni),Extraction automatique depuis le PDF; les filières sont conservées au plus près du texte source. Vérification manuelle recommandée avant usage réglementaire.
60,INSTITUT INTERNATIONAL DES SCIENCES ET TECHNOLOGIES,OUAGADOUGOU,"- Agriculture
- Génie Biomédical
-
Licence : Finance  Comptabilité
- Marketing et Ge tion
- Commerciale Nutrition Humaine et Diététique
- Technicien Supérieur de Santé
-
Ma ter : Comptabilité, Contrôle, Audit
- Marketing et Ge tion
- Commerciale Ge tion de  Re ource
- Humaine Ge tion de  Projet
-",,Repertoire_national_des_titres_et_diplomes_des_institutions_publiques_d_enseignement_superieur.pdf,Répertoire national (édition du PDF fourni),Extraction automatique depuis le PDF; les filières sont conservées au plus près du texte source. Vérification manuelle recommandée avant usage réglementaire.
61,ECOLE SUPERIEURE POLYTECHNIQUE DE LA JEUNESSE,OUAGADOUGOU,"- Commerciale Topographie
- Bâtiment  et Travaux Public
-
Licence : Bâtiment  et Travaux Public
- Topographie
- Mine  et Carrière
- Ge tion et Maîtri e de l’Eau
- Finance Comptabilité
- Hydrogéologie
- Aménagement du Territoire
-
Ma ter : Bâtiment  et Travaux Public
- Topographie
-",,Repertoire_national_des_titres_et_diplomes_des_institutions_publiques_d_enseignement_superieur.pdf,Répertoire national (édition du PDF fourni),Extraction automatique depuis le PDF; les filières sont conservées au plus près du texte source. Vérification manuelle recommandée avant usage réglementaire.
62,INSTITUT DES SCIENCES ET TECHNIQUES DE L’INFORMATION DOCUMENTAIRE,OUAGADOUGOU,"- Ge tion et Maîtri e de l’Eau
- Géotechnique
- Infra tructure
-
BAC + 2 : Bibliothécaire – Archivi te  –
- Documentation
Licence Profe ionnelle : Ge tion de l’Information L
- Documentaire",,Repertoire_national_des_titres_et_diplomes_des_institutions_publiques_d_enseignement_superieur.pdf,Répertoire national (édition du PDF fourni),Extraction automatique depuis le PDF; les filières sont conservées au plus près du texte source. Vérification manuelle recommandée avant usage réglementaire.
63,ECOLE SUPERIEURE DU GENIE RURAL ET DE L’ENVIRONNEMENT,OUAGADOUGOU,"-
Ma ter : Génie de l’Eau et de
- l’Environnement",,Repertoire_national_des_titres_et_diplomes_des_institutions_publiques_d_enseignement_superieur.pdf,Répertoire national (édition du PDF fourni),Extraction automatique depuis le PDF; les filières sont conservées au plus près du texte source. Vérification manuelle recommandée avant usage réglementaire.
64,INSTITUT EN MANAGEMENT ET TRAINING,OUAGADOUGOU,"-
BAC + 2 : Marketing et Ge tion
- Commerciale
Licence Profe ionnelle : Sy tème d’Information
- Géographique pour",,Repertoire_national_des_titres_et_diplomes_des_institutions_publiques_d_enseignement_superieur.pdf,Répertoire national (édition du PDF fourni),Extraction automatique depuis le PDF; les filières sont conservées au plus près du texte source. Vérification manuelle recommandée avant usage réglementaire.
65,CENTRE AFRICAIN DE RECHERCHE SCIENTIFIQUE ET DE FORMATION,OUAGADOUGOU,"- Logiciel Admini tration et Sécurité de
- Ré eaux Stati tique  et Informatique
- Appliquée  au Marketing Marketing et Action
- Commerciale Science de Ge tion
-
Ma ter : Science  et Economie de
- Changement  Climatique Science  et Ge tion de
- l’environnement",,Repertoire_national_des_titres_et_diplomes_des_institutions_publiques_d_enseignement_superieur.pdf,Répertoire national (édition du PDF fourni),Extraction automatique depuis le PDF; les filières sont conservées au plus près du texte source. Vérification manuelle recommandée avant usage réglementaire.
66,INSTITUT SUPERIEUR PRIVE DE PHILOSOPHIE/MAISON LAVIGERIE,OUAGADOUGOU,-,,Repertoire_national_des_titres_et_diplomes_des_institutions_publiques_d_enseignement_superieur.pdf,Répertoire national (édition du PDF fourni),Extraction automatique depuis le PDF; les filières sont conservées au plus près du texte source. Vérification manuelle recommandée avant usage réglementaire.
67,AFRICA PRIVATE INSTITUTE OF SCIENCE AND TECHNOLOGY,OUAGADOUGOU,"Ma ter : Comptabilité,Contrôle, Audit
- Marketing et Ge tion
-",,Repertoire_national_des_titres_et_diplomes_des_institutions_publiques_d_enseignement_superieur.pdf,Répertoire national (édition du PDF fourni),Extraction automatique depuis le PDF; les filières sont conservées au plus près du texte source. Vérification manuelle recommandée avant usage réglementaire.
68,INSTITUT SUPERIEUR D’INNOVATION EN GESTION ET MANAGEMENT,OUAGADOUGOU,"BAC + 2 : Finance Comptabilité
- Marketing et Ge tion
- Commerciale Secrétariat de Direction
- Bureautique
Licence :",,Repertoire_national_des_titres_et_diplomes_des_institutions_publiques_d_enseignement_superieur.pdf,Répertoire national (édition du PDF fourni),Extraction automatique depuis le PDF; les filières sont conservées au plus près du texte source. Vérification manuelle recommandée avant usage réglementaire.
69,APIDON ACADEMY OF SCIENCE,OUAGADOUGOU,"- Bilingue  péciali é
Ma ter : Suivi Evaluation
- Sociométrie
- Management de l’Environnement
- Ingéniorat : Stati tique de Ge tion
-",,Repertoire_national_des_titres_et_diplomes_des_institutions_publiques_d_enseignement_superieur.pdf,Répertoire national (édition du PDF fourni),Extraction automatique depuis le PDF; les filières sont conservées au plus près du texte source. Vérification manuelle recommandée avant usage réglementaire.
70,ECOLE SUPERIEURE DES TRAVAUX PUBLICS DE OUAGADOUGOU,OUAGADOUGOU,"BAC + 2 : Bâtiment et Travaux Public
- Topographie
-
Licence Profe ionnelle : Bâtiment et Travaux Public  L
-",,Repertoire_national_des_titres_et_diplomes_des_institutions_publiques_d_enseignement_superieur.pdf,Répertoire national (édition du PDF fourni),Extraction automatique depuis le PDF; les filières sont conservées au plus près du texte source. Vérification manuelle recommandée avant usage réglementaire.
71,INSTITUT DE DEVELOPPEMENT EQUITABLE,OUAGADOUGOU,"BAC + 2 : Agriculture
- Touri me
- Agroalimentaire
- Elevage
-
BAC + 2 :",,Repertoire_national_des_titres_et_diplomes_des_institutions_publiques_d_enseignement_superieur.pdf,Répertoire national (édition du PDF fourni),Extraction automatique depuis le PDF; les filières sont conservées au plus près du texte source. Vérification manuelle recommandée avant usage réglementaire.
72,ECOLE SUPERIEURE INTERNATIONALE DE MANAGEMENT,OUAGADOUGOU,"- Banque et Micro-finance
- Secrétariat de Direction
- Bureautique Marketing et Ge tion
- Commerciale Finance Comptabilité
-
Licence : Ge tion de  Projet
-",,Repertoire_national_des_titres_et_diplomes_des_institutions_publiques_d_enseignement_superieur.pdf,Répertoire national (édition du PDF fourni),Extraction automatique depuis le PDF; les filières sont conservées au plus près du texte source. Vérification manuelle recommandée avant usage réglementaire.
73,INSTITUT DES SCIENCES POUR L’ENTREPRISE ET LA GESTION,OUAGADOUGOU,"- Finance Comptabilité
-
BAC + 2 : Finance Comptabilité
- Actuariat
- Marketing et Ge tion
- Commerciale Secrétariat de Direction
- Bureautique",,Repertoire_national_des_titres_et_diplomes_des_institutions_publiques_d_enseignement_superieur.pdf,Répertoire national (édition du PDF fourni),Extraction automatique depuis le PDF; les filières sont conservées au plus près du texte source. Vérification manuelle recommandée avant usage réglementaire.
74,INSTITUT INTERNATIONAL DE MANAGEMENT,OUAGADOUGOU,"BAC + 2 : Finance Comptabilité
- Marketing et Ge tion
- Commerciale Communication d’Entrepri e
- Tran port et Logi tique
-
Licence : Ge tion de  Re ource
- Humaine Ge tion de  Projet
- Audit et Finance  de  Entrepri e
- Tran port et Logi tique
- Communication Marketing
- Management de  Entrepri e
- Management et Droit de
- Affaire
Ma ter : Ge tion de  Projet
- Communication Marketing
- Audit et Finance  de  Entrepri e
- Ge tion de  Re ource
- Humaine Tran port et Logi tique
- Management de  Entrepri e
-",,Repertoire_national_des_titres_et_diplomes_des_institutions_publiques_d_enseignement_superieur.pdf,Répertoire national (édition du PDF fourni),Extraction automatique depuis le PDF; les filières sont conservées au plus près du texte source. Vérification manuelle recommandée avant usage réglementaire.
75,ECOLE SUPERIEURE PRIVEE DE MICROFINANCE,OUAGADOUGOU,"- Marketing et Ge tion
- Commerciale Sy tème d’Information et
- Ré eaux Mine  et Carrière
-
Licence : Science et Technique
- Comptable Banque Microfinance
- Marketing Communication
- Ge tion de  Re ource
- Humaine Ge tion de  Projet
-
Master :",,Repertoire_national_des_titres_et_diplomes_des_institutions_publiques_d_enseignement_superieur.pdf,Répertoire national (édition du PDF fourni),Extraction automatique depuis le PDF; les filières sont conservées au plus près du texte source. Vérification manuelle recommandée avant usage réglementaire.
76,ECOLE SUPERIEURE PRIVEE EN DIRECT,OUAGADOUGOU,"- Marketing Communication
- Ge tion de  Re ource
- Humaine Ge tion de  Projet
-
BAC + 2 : Marketing Management
- Banque
- Touri me Hôtellerie
- Ge tion Commerciale
- Management Qualité Hygiène
- Sécurité Environnement",,Repertoire_national_des_titres_et_diplomes_des_institutions_publiques_d_enseignement_superieur.pdf,Répertoire national (édition du PDF fourni),Extraction automatique depuis le PDF; les filières sont conservées au plus près du texte source. Vérification manuelle recommandée avant usage réglementaire.
77,ECOLE SUPERIEURE DE COMMERCE ET D’INFORMATIQUE DE GESTION BOBO-DIOULASSO,BOBO-DIOULASSO,"- Génie Civil
- Génie Indu triel
- Communication d’Entrepri e
- Ge tion de  Collectivité
- Territoriale Tran port et Pre tation
- Logi tique Management Qualité Hygiène
- Sécurité Environnement Informatique Ré eaux
- Télécommunication
BAC + 2: Ge tion Commerciale;
- Marketing Management;
- Finance Comptabilité;
- Banque.
-",,Repertoire_national_des_titres_et_diplomes_des_institutions_publiques_d_enseignement_superieur.pdf,Répertoire national (édition du PDF fourni),Extraction automatique depuis le PDF; les filières sont conservées au plus près du texte source. Vérification manuelle recommandée avant usage réglementaire.
